<?xml version="1.0" encoding="UTF-8"?>
<c:Control xmlns:c="http://www.ansys.com/control" schemaVersion="1.0">
<Stackup schemaVersion="1.0">
    <Materials>
        <Material Name="metal">
            <Conductivity>
                <Double>50000000</Double>
            </Conductivity>
        </Material>
        <Material Name="d1">
            <Permittivity>
                <Double>3.2</Double>
            </Permittivity>
        </Material>
        <Material Name="d2">
            <Permittivity>
                <Double>4</Double>
            </Permittivity>
        </Material>
    </Materials>
    <ELayers LengthUnit="um">
        <Dielectrics>
            <Layer Name="diel1" Thickness="30" Material="d1"/>
            <Layer Name="diel2" Thickness="30" Material="d2"/>

        </Dielectrics>
        <Layers>
            <Layer Name="m1" Type="conductor" Material="metal" Elevation="10" Thickness="5"/>
            <Layer Name="m2" Type="conductor" Material="metal" Elevation="20" Thickness="1"/>
            <Layer Name="m3" Type="conductor" Material="metal" Elevation="30" Thickness="5"/>
        </Layers>
        <Vias>
            <Layer Name="via12" StartLayer="m1" StopLayer="m2" Material="metal"></Layer>
            <Layer Name="via23" StartLayer="m2" StopLayer="m3" Material="metal"></Layer>
        </Vias>

    </ELayers>
</Stackup>


</c:Control>